"名称","被引用的路径"
├PNG
├├AA
"├├├├UI_Button_Standard_Green.png","5"
,"Achievements.unity"
,"HomeScreen.unity"
,"PopUp.unity"
,"SettingsWindow.unity"
,"Shop.unity"
"├├├├UI_Button_Standard_Orange.png","1"
,"PopUp.unity"
"├├├├UI_Button_Standard_Red.png","1"
,"SettingsWindow.unity"
"├├├├UI_Button_Standard_Sky.png","4"
,"HomeScreen.unity"
,"LogIn.unity"
,"SettingsWindow.unity"
,"Shop.unity"
"├├├├UI_Fill_Green.png","2"
,"Achievements.unity"
,"SettingsWindow.unity"
"├├├├UI_Fill_Orange.png","2"
,"HomeScreen.unity"
,"Shop.unity"
"├├├├UI_Fill_Red.png"
"├├├├UI_Fill_Sky.png"
"├├├├UI_Frame_Dark_Transparent.png","3"
,"HomeScreen.unity"
,"LogIn.unity"
,"Shop.unity"
"├├├├UI_Frame_Dark_White.png"
"├├├├UI_Frame_Transparent.png","2"
,"Achievements.unity"
,"SettingsWindow.unity"
"├├├├UI_Tab_Active.png","2"
,"Achievements.unity"
,"Shop.unity"
"├├├├UI_Tab_Inactive.png","2"
,"Achievements.unity"
,"Shop.unity"
├├BB
"├├├├UI_Fill_Green 1.png","1"
,"Achievements.unity"
"├├├├UI_Frame_White.png"
"├├├├UI_Panel_Content.png","4"
,"Achievements.unity"
,"PopUp.unity"
,"SettingsWindow.unity"
,"Shop.unity"
"├├├├UI_Panel_Window.png","4"
,"Achievements.unity"
,"PopUp.unity"
,"SettingsWindow.unity"
,"Shop.unity"
"├├├├UI_Tab_Inactive 1.png"
├├Common
├├├├CC
